{ "create": { "_index": "entertainment", "_type": "motion picture" }}
{ "movie": "Hollywood", "name": "Pulp Fiction", "actor": "Bruce Willis", "date": "1994-05-12", "genre": "action", "director": "Quentin Tarantino" }
{ "create": { "_index": "entertainment", "_type": "motion picture" }}
{ "movie": "Hollywood", "name": "Armageddon", "actor": "Bruce Willis", "date": "1998-07-01", "genre": "science fiction", "director": "Michael Bay" }
{ "create": { "_index": "entertainment", "_type": "motion picture" }}
{ "movie": "Hollywood", "name": "The Sixth Sense", "actor": "Bruce Willis", "date": "1999-08-02", "genre": "horror", "director": "M. Night Shyamalan" }
{ "create": { "_index": "entertainment", "_type": "motion picture" }}
{ "movie": "Hollywood", "name": "The Fast and the Furious", "actor": "Vin Diesel", "date": "2001-06-18", "genre": "action", "director": "Rob Cohen" }
{ "create": { "_index": "entertainment", "_type": "motion picture" }}
{ "movie": "Hollywood", "name": "The Pacifier", "actor": "Vin Diesel", "date": "2005-03-04", "genre": "action", "director": "Adam Shankman" }
{ "create": { "_index": "entertainment", "_type": "motion picture" }}
{ "movie": "Hollywood", "name": "The Last Witch Hunter", "actor": "Vin Diesel", "date": "2015-10-23", "genre": "action", "director": "Breck Eisner" }