{ "create": { "_index": "ws", "_type": "author", "_id": "1" }}
{ "name": "William Shakespeare", "born": "1564-04-26", "died": "1616-04-23", "country": "United Kingdom" }
{ "create": { "_index": "cd", "_type": "author", "_id": "2" }}
{ "name": "Charles Dickens", "born": "1812-02-07", "died": "1870-06-09", "country": "United Kingdom" }
{ "create": { "_index": "ws", "_type": "play", "_id": "3" }}
{ "author": "William Shakespeare", "play": "Comedy of Errors", "published": "1589" }
{ "create": { "_index": "cd", "_type": "play", "_id": "4" }}
{ "author": "Charles Dickens", "play": "The Pickwick Papers", "published": "1836" }
{ "create": { "_index": "ws", "_type": "play", "_id": "5" }}
{ "author": "William Shakespeare", "play": "Henry VI", "published": "1590" }
{ "create": { "_index": "cd", "_type": "play", "_id": "6" }}
{ "author": "Charles Dickens", "play": "Oliver Twist", "published": "1837" }
{ "create": { "_index": "ws", "_type": "play", "_id": "7" }}
{ "author": "William Shakespeare", "play": "Richard III", "published": "1592" }
{ "create": { "_index": "cd", "_type": "play", "_id": "8" }}
{ "author": "Charles Dickens", "play": "Nicholas Nickleby", "published": "1838" }
{ "create": { "_index": "ws", "_type": "play", "_id": "9" }}
{ "author": "William Shakespeare", "play": "Taming of the Shrew", "published": "1593" }
{ "create": { "_index": "cd", "_type": "play", "_id": "10" }}
{ "author": "Charles Dickens", "play": "The Old Curiosity", "published": "1840" }
{ "create": { "_index": "ws", "_type": "play", "_id": "11" }}
{ "author": "William Shakespeare", "play": "Romeo and Juliet", "published": "1594" }
{ "create": { "_index": "cd", "_type": "play", "_id": "12" }}
{ "author": "Charles Dickens", "play": "David Copperfield", "published": "1849" } 