{ "create": { "_index": "storm", "_type": "hurricane" }}
{ "Year":1851, "State":"Texas", "Category":1, "Pressure":974, "Wind Speed":80, "Name":"NA", "Location":"31.1060,-97.6475"}
{ "create": { "_index": "storm", "_type": "hurricane" }}
{ "Year":1851, "State":"Florida", "Category":3, "Pressure":955, "Wind Speed":100, "Name":"Great Middle Florida", "Location":"27.8333,-81.7170"}
{ "create": { "_index": "storm", "_type": "hurricane" }}
{ "Year":1851, "State":"Georgia", "Category":3, "Pressure":955, "Wind Speed":100, "Name":"Great Middle Florida", "Location":"32.9866,-83.6487"}
{ "create": { "_index": "storm", "_type": "hurricane" }}
{ "Year":1852, "State":"Alabama", "Category":3, "Pressure":961, "Wind Speed":100, "Name":"Great Mobile", "Location":"32.7990,-86.8073"}
{ "create": { "_index": "storm", "_type": "hurricane" }}
{ "Year":1852, "State":"Mississippi", "Category":3, "Pressure":961, "Wind Speed":100, "Name":"Great Mobile", "Location":"43.3504,-84.5603"}
{ "create": { "_index": "storm", "_type": "hurricane" }}
{ "Year":1852, "State":"Louisiana", "Category":3, "Pressure":961, "Wind Speed":100, "Name":"Great Mobile", "Location":"31.1801,-91.8749"}
{ "create": { "_index": "storm", "_type": "hurricane" }}
{ "Year":1852, "State":"Florida", "Category":3, "Pressure":961, "Wind Speed":100, "Name":"Great Mobile", "Location":"27.8333,-81.7170"}
{ "create": { "_index": "storm", "_type": "hurricane" }}
{ "Year":1852, "State":"Florida", "Category":1, "Pressure":982, "Wind Speed":70, "Name":"NA", "Location":"27.8333,-81.7170"}
{ "create": { "_index": "storm", "_type": "hurricane" }}
{ "Year":1852, "State":"Florida", "Category":2, "Pressure":965, "Wind Speed":90, "Name":"Middle Florida", "Location":"27.8333,-81.7170"}
{ "create": { "_index": "storm", "_type": "hurricane" }}
{ "Year":1852, "State":"Georgia", "Category":2, "Pressure":965, "Wind Speed":90, "Name":"Middle Florida", "Location":"32.9866,-83.6487"}
{ "create": { "_index": "storm", "_type": "hurricane" }}
{ "Year":1853, "State":"Georgia", "Category":1, "Pressure":965, "Wind Speed":70, "Name":"NA", "Location":"32.9866,-83.6487"}
{ "create": { "_index": "storm", "_type": "hurricane" }}
{ "Year":1854, "State":"Texas", "Category":1, "Pressure":982, "Wind Speed":70, "Name":"NA", "Location":"31.1060,-97.6475"}
{ "create": { "_index": "storm", "_type": "hurricane" }}
{ "Year":1854, "State":"Georgia", "Category":3, "Pressure":950, "Wind Speed":100, "Name":"Great Carolina", "Location":"32.9866,-83.6487"}
{ "create": { "_index": "storm", "_type": "hurricane" }}
{ "Year":1854, "State":"South Carolina", "Category":3, "Pressure":950, "Wind Speed":100, "Name":"Great Carolina", "Location":"33.8191,-80.9066"}
{ "create": { "_index": "storm", "_type": "hurricane" }}
{ "Year":1854, "State":"Florida", "Category":3, "Pressure":950, "Wind Speed":100, "Name":"Great Carolina", "Location":"27.8333,-81.7170"}
{ "create": { "_index": "storm", "_type": "hurricane" }}
{ "Year":1854, "State":"Texas", "Category":2, "Pressure":965, "Wind Speed":90, "Name":"Matagorda", "Location":"31.1060,-97.6475"}
{ "create": { "_index": "storm", "_type": "hurricane" }}
{ "Year":1855, "State":"Louisiana", "Category":3, "Pressure":945, "Wind Speed":110, "Name":"Middle Gulf Shore", "Location":"31.1801,-91.8749"}
{ "create": { "_index": "storm", "_type": "hurricane" }}
{ "Year":1855, "State":"Mississippi", "Category":3, "Pressure":945, "Wind Speed":110, "Name":"Middle Gulf Shore", "Location":"43.3504,-84.5603"}
{ "create": { "_index": "storm", "_type": "hurricane" }}
{ "Year":1856, "State":"Louisiana", "Category":4, "Pressure":934, "Wind Speed":130, "Name":"Last Island", "Location":"31.1801,-91.8749"}
{ "create": { "_index": "storm", "_type": "hurricane" }}
{ "Year":1856, "State":"Florida", "Category":2, "Pressure":965, "Wind Speed":90, "Name":"Southeastern States", "Location":"27.8333,-81.7170"}
{ "create": { "_index": "storm", "_type": "hurricane" }}
{ "Year":1856, "State":"Alabama", "Category":2, "Pressure":965, "Wind Speed":90, "Name":"Southeastern States", "Location":"32.7990,-86.8073"}
{ "create": { "_index": "storm", "_type": "hurricane" }}
{ "Year":1856, "State":"Georgia", "Category":2, "Pressure":965, "Wind Speed":90, "Name":"Southeastern States", "Location":"32.9866,-83.6487"}
{ "create": { "_index": "storm", "_type": "hurricane" }}
{ "Year":1857, "State":"North Carolina", "Category":2, "Pressure":961, "Wind Speed":90, "Name":"NA", "Location":"35.6411,-79.8431"}
{ "create": { "_index": "storm", "_type": "hurricane" }}
{ "Year":1858, "State":"New York", "Category":1, "Pressure":976, "Wind Speed":80, "Name":"New England", "Location":"42.1497,-74.9384"}
{ "create": { "_index": "storm", "_type": "hurricane" }}
{ "Year":1858, "State":"Connecticut", "Category":1, "Pressure":976, "Wind Speed":80, "Name":"New England", "Location":"41.5834,-72.7622"}
{ "create": { "_index": "storm", "_type": "hurricane" }}
{ "Year":1858, "State":"Rhode Island", "Category":1, "Pressure":976, "Wind Speed":80, "Name":"New England", "Location":"41.6772,-71.5101"}
{ "create": { "_index": "storm", "_type": "hurricane" }}
{ "Year":1858, "State":"Massachusetts", "Category":1, "Pressure":976, "Wind Speed":80, "Name":"New England", "Location":"42.2373,-71.5314"}
{ "create": { "_index": "storm", "_type": "hurricane" }}
{ "Year":1859, "State":"Alabama", "Category":1, "Pressure":982, "Wind Speed":70, "Name":"NA", "Location":"32.7990,-86.8073"}
{ "create": { "_index": "storm", "_type": "hurricane" }}
{ "Year":1859, "State":"Florida", "Category":1, "Pressure":982, "Wind Speed":70, "Name":"NA", "Location":"27.8333,-81.7170"}
{ "create": { "_index": "storm", "_type": "hurricane" }}
{ "Year":1859, "State":"Florida", "Category":1, "Pressure":974, "Wind Speed":80, "Name":"NA", "Location":"27.8333,-81.7170"}
{ "create": { "_index": "storm", "_type": "hurricane" }}
{ "Year":1860, "State":"Louisiana", "Category":3, "Pressure":945, "Wind Speed":110, "Name":"NA", "Location":"31.1801,-91.8749"}
{ "create": { "_index": "storm", "_type": "hurricane" }}
{ "Year":1860, "State":"Mississippi", "Category":3, "Pressure":945, "Wind Speed":110, "Name":"NA", "Location":"43.3504,-84.5603"}
{ "create": { "_index": "storm", "_type": "hurricane" }}
{ "Year":1860, "State":"Alabama", "Category":3, "Pressure":945, "Wind Speed":110, "Name":"NA", "Location":"32.7990,-86.8073"}
{ "create": { "_index": "storm", "_type": "hurricane" }}
{ "Year":1860, "State":"Louisiana", "Category":2, "Pressure":965, "Wind Speed":90, "Name":"NA", "Location":"31.1801,-91.8749"}
{ "create": { "_index": "storm", "_type": "hurricane" }}
{ "Year":1860, "State":"Mississippi", "Category":2, "Pressure":965, "Wind Speed":90, "Name":"NA", "Location":"43.3504,-84.5603"}
{ "create": { "_index": "storm", "_type": "hurricane" }}
{ "Year":1860, "State":"Alabama", "Category":2, "Pressure":965, "Wind Speed":90, "Name":"NA", "Location":"32.7990,-86.8073"}
{ "create": { "_index": "storm", "_type": "hurricane" }}
{ "Year":1860, "State":"Louisiana", "Category":2, "Pressure":965, "Wind Speed":90, "Name":"NA", "Location":"31.1801,-91.8749"}
{ "create": { "_index": "storm", "_type": "hurricane" }}
{ "Year":1861, "State":"Florida", "Category":1, "Pressure":978, "Wind Speed":70, "Name":"Key West", "Location":"27.8333,-81.7170"}
{ "create": { "_index": "storm", "_type": "hurricane" }}
{ "Year":1861, "State":"North Carolina", "Category":1, "Pressure":985, "Wind Speed":70, "Name":"Equinoctial", "Location":"35.6411,-79.8431"}
{ "create": { "_index": "storm", "_type": "hurricane" }}
{ "Year":1861, "State":"North Carolina", "Category":1, "Pressure":985, "Wind Speed":70, "Name":"Expedition", "Location":"35.6411,-79.8431"}
{ "create": { "_index": "storm", "_type": "hurricane" }}
{ "Year":1865, "State":"Louisiana", "Category":2, "Pressure":965, "Wind Speed":90, "Name":"Sabine River", "Location":"31.1801,-91.8749"}
{ "create": { "_index": "storm", "_type": "hurricane" }}
{ "Year":1865, "State":"Texas", "Category":2, "Pressure":965, "Wind Speed":90, "Name":"Sabine River", "Location":"31.1060,-97.6475"}
{ "create": { "_index": "storm", "_type": "hurricane" }}
{ "Year":1865, "State":"Florida", "Category":2, "Pressure":969, "Wind Speed":90, "Name":"NA", "Location":"27.8333,-81.7170"}
{ "create": { "_index": "storm", "_type": "hurricane" }}
{ "Year":1866, "State":"Texas", "Category":2, "Pressure":965, "Wind Speed":90, "Name":"NA", "Location":"31.1060,-97.6475"}
{ "create": { "_index": "storm", "_type": "hurricane" }}
{ "Year":1867, "State":"South Carolina", "Category":1, "Pressure":985, "Wind Speed":70, "Name":"NA", "Location":"33.8191,-80.9066"}
{ "create": { "_index": "storm", "_type": "hurricane" }}
{ "Year":1867, "State":"Louisiana", "Category":2, "Pressure":965, "Wind Speed":90, "Name":"Galveston", "Location":"31.1801,-91.8749"}
{ "create": { "_index": "storm", "_type": "hurricane" }}
{ "Year":1867, "State":"Texas", "Category":2, "Pressure":965, "Wind Speed":90, "Name":"Galveston", "Location":"31.1060,-97.6475"}
{ "create": { "_index": "storm", "_type": "hurricane" }}
{ "Year":1867, "State":"Florida", "Category":2, "Pressure":965, "Wind Speed":90, "Name":"Galveston", "Location":"27.8333,-81.7170"}
{ "create": { "_index": "storm", "_type": "hurricane" }}
{ "Year":1869, "State":"Texas", "Category":2, "Pressure":965, "Wind Speed":90, "Name":"Lower Texas Coast", "Location":"31.1060,-97.6475"}
{ "create": { "_index": "storm", "_type": "hurricane" }}
{ "Year":1869, "State":"Louisiana", "Category":1, "Pressure":982, "Wind Speed":70, "Name":"NA", "Location":"31.1801,-91.8749"}
{ "create": { "_index": "storm", "_type": "hurricane" }}
{ "Year":1869, "State":"Rhode Island", "Category":3, "Pressure":963, "Wind Speed":100, "Name":"Eastern New England", "Location":"41.6772,-71.5101"}
{ "create": { "_index": "storm", "_type": "hurricane" }}
{ "Year":1869, "State":"New York", "Category":3, "Pressure":963, "Wind Speed":100, "Name":"Eastern New England", "Location":"42.1497,-74.9384"}
{ "create": { "_index": "storm", "_type": "hurricane" }}
{ "Year":1869, "State":"Massachusetts", "Category":3, "Pressure":963, "Wind Speed":100, "Name":"Eastern New England", "Location":"42.2373,-71.5314"}
{ "create": { "_index": "storm", "_type": "hurricane" }}
{ "Year":1869, "State":"Connecticut", "Category":3, "Pressure":963, "Wind Speed":100, "Name":"Eastern New England", "Location":"41.5834,-72.7622"}
{ "create": { "_index": "storm", "_type": "hurricane" }}
{ "Year":1869, "State":"Maine", "Category":2, "Pressure":965, "Wind Speed":90, "Name":"Saxby's Gale", "Location":"44.6074,-69.3977"}
{ "create": { "_index": "storm", "_type": "hurricane" }}
{ "Year":1869, "State":"Massachusetts", "Category":2, "Pressure":965, "Wind Speed":90, "Name":"Saxby's Gale", "Location":"42.2373,-71.5314"}
{ "create": { "_index": "storm", "_type": "hurricane" }}
{ "Year":1870, "State":"Alabama", "Category":1, "Pressure":982, "Wind Speed":70, "Name":"Mobile", "Location":"32.7990,-86.8073"}
{ "create": { "_index": "storm", "_type": "hurricane" }}
{ "Year":1870, "State":"Florida", "Category":1, "Pressure":970, "Wind Speed":70, "Name":"Twin Key West (I)", "Location":"27.8333,-81.7170"}
{ "create": { "_index": "storm", "_type": "hurricane" }}
{ "Year":1870, "State":"Florida", "Category":1, "Pressure":977, "Wind Speed":80, "Name":"Twin Key West (II)", "Location":"27.8333,-81.7170"}
{ "create": { "_index": "storm", "_type": "hurricane" }}
{ "Year":1871, "State":"Florida", "Category":3, "Pressure":955, "Wind Speed":100, "Name":"NA", "Location":"27.8333,-81.7170"}
{ "create": { "_index": "storm", "_type": "hurricane" }}
{ "Year":1871, "State":"Florida", "Category":2, "Pressure":965, "Wind Speed":90, "Name":"NA", "Location":"27.8333,-81.7170"}
{ "create": { "_index": "storm", "_type": "hurricane" }}
{ "Year":1871, "State":"Florida", "Category":1, "Pressure":982, "Wind Speed":70, "Name":"NA", "Location":"27.8333,-81.7170"}
{ "create": { "_index": "storm", "_type": "hurricane" }}
{ "Year":1873, "State":"Florida", "Category":1, "Pressure":982, "Wind Speed":70, "Name":"NA", "Location":"27.8333,-81.7170"}
{ "create": { "_index": "storm", "_type": "hurricane" }}
{ "Year":1873, "State":"Florida", "Category":3, "Pressure":959, "Wind Speed":100, "Name":"NA", "Location":"27.8333,-81.7170"}
{ "create": { "_index": "storm", "_type": "hurricane" }}
{ "Year":1874, "State":"Florida", "Category":1, "Pressure":981, "Wind Speed":80, "Name":"NA", "Location":"27.8333,-81.7170"}
{ "create": { "_index": "storm", "_type": "hurricane" }}
{ "Year":1874, "State":"South Carolina", "Category":1, "Pressure":981, "Wind Speed":80, "Name":"NA", "Location":"33.8191,-80.9066"}
{ "create": { "_index": "storm", "_type": "hurricane" }}
{ "Year":1874, "State":"North Carolina", "Category":1, "Pressure":981, "Wind Speed":80, "Name":"NA", "Location":"35.6411,-79.8431"}
{ "create": { "_index": "storm", "_type": "hurricane" }}
{ "Year":1875, "State":"Texas", "Category":3, "Pressure":955, "Wind Speed":100, "Name":"NA", "Location":"31.1060,-97.6475"}
{ "create": { "_index": "storm", "_type": "hurricane" }}
{ "Year":1876, "State":"North Carolina", "Category":1, "Pressure":980, "Wind Speed":80, "Name":"NA", "Location":"35.6411,-79.8431"}
{ "create": { "_index": "storm", "_type": "hurricane" }}
{ "Year":1876, "State":"Virginia", "Category":1, "Pressure":980, "Wind Speed":80, "Name":"NA", "Location":"37.7680,-78.2057"}
{ "create": { "_index": "storm", "_type": "hurricane" }}
{ "Year":1876, "State":"Florida", "Category":2, "Pressure":973, "Wind Speed":90, "Name":"NA", "Location":"27.8333,-81.7170"}
{ "create": { "_index": "storm", "_type": "hurricane" }}
{ "Year":1877, "State":"Louisiana", "Category":1, "Pressure":982, "Wind Speed":70, "Name":"NA", "Location":"31.1801,-91.8749"}
{ "create": { "_index": "storm", "_type": "hurricane" }}
{ "Year":1877, "State":"Florida", "Category":1, "Pressure":982, "Wind Speed":70, "Name":"NA", "Location":"27.8333,-81.7170"}
{ "create": { "_index": "storm", "_type": "hurricane" }}
{ "Year":1877, "State":"Florida", "Category":3, "Pressure":955, "Wind Speed":100, "Name":"NA", "Location":"27.8333,-81.7170"}
{ "create": { "_index": "storm", "_type": "hurricane" }}
{ "Year":1877, "State":"Georgia", "Category":3, "Pressure":955, "Wind Speed":100, "Name":"NA", "Location":"32.9866,-83.6487"}
{ "create": { "_index": "storm", "_type": "hurricane" }}
{ "Year":1878, "State":"Florida", "Category":2, "Pressure":970, "Wind Speed":90, "Name":"NA", "Location":"27.8333,-81.7170"}
{ "create": { "_index": "storm", "_type": "hurricane" }}
{ "Year":1878, "State":"South Carolina", "Category":2, "Pressure":970, "Wind Speed":90, "Name":"NA", "Location":"33.8191,-80.9066"}
{ "create": { "_index": "storm", "_type": "hurricane" }}
{ "Year":1878, "State":"Georgia", "Category":2, "Pressure":970, "Wind Speed":90, "Name":"NA", "Location":"32.9866,-83.6487"}
{ "create": { "_index": "storm", "_type": "hurricane" }}
{ "Year":1879, "State":"North Carolina", "Category":3, "Pressure":971, "Wind Speed":100, "Name":"NA", "Location":"35.6411,-79.8431"}
{ "create": { "_index": "storm", "_type": "hurricane" }}
{ "Year":1879, "State":"Virginia", "Category":3, "Pressure":971, "Wind Speed":100, "Name":"NA", "Location":"37.7680,-78.2057"}
{ "create": { "_index": "storm", "_type": "hurricane" }}
{ "Year":1879, "State":"Massachusetts", "Category":3, "Pressure":971, "Wind Speed":100, "Name":"NA", "Location":"42.2373,-71.5314"}
{ "create": { "_index": "storm", "_type": "hurricane" }}
{ "Year":1879, "State":"Texas", "Category":2, "Pressure":964, "Wind Speed":90, "Name":"NA", "Location":"31.1060,-97.6475"}
{ "create": { "_index": "storm", "_type": "hurricane" }}
{ "Year":1879, "State":"Louisiana", "Category":2, "Pressure":964, "Wind Speed":90, "Name":"NA", "Location":"31.1801,-91.8749"}
{ "create": { "_index": "storm", "_type": "hurricane" }}
{ "Year":1879, "State":"Louisiana", "Category":3, "Pressure":945, "Wind Speed":110, "Name":"NA", "Location":"31.1801,-91.8749"}
{ "create": { "_index": "storm", "_type": "hurricane" }}
{ "Year":1880, "State":"Texas", "Category":3, "Pressure":931, "Wind Speed":110, "Name":"NA", "Location":"31.1060,-97.6475"}
{ "create": { "_index": "storm", "_type": "hurricane" }}
{ "Year":1880, "State":"Florida", "Category":2, "Pressure":972, "Wind Speed":90, "Name":"NA", "Location":"27.8333,-81.7170"}
{ "create": { "_index": "storm", "_type": "hurricane" }}
{ "Year":1880, "State":"North Carolina", "Category":1, "Pressure":987, "Wind Speed":70, "Name":"NA", "Location":"35.6411,-79.8431"}
{ "create": { "_index": "storm", "_type": "hurricane" }}
{ "Year":1880, "State":"Florida", "Category":1, "Pressure":982, "Wind Speed":70, "Name":"NA", "Location":"27.8333,-81.7170"}
{ "create": { "_index": "storm", "_type": "hurricane" }}
{ "Year":1881, "State":"Georgia", "Category":2, "Pressure":970, "Wind Speed":90, "Name":"NA", "Location":"32.9866,-83.6487"}
{ "create": { "_index": "storm", "_type": "hurricane" }}
{ "Year":1881, "State":"South Carolina", "Category":2, "Pressure":970, "Wind Speed":90, "Name":"NA", "Location":"33.8191,-80.9066"}
{ "create": { "_index": "storm", "_type": "hurricane" }}
{ "Year":1881, "State":"North Carolina", "Category":2, "Pressure":975, "Wind Speed":90, "Name":"NA", "Location":"35.6411,-79.8431"}
{ "create": { "_index": "storm", "_type": "hurricane" }}
{ "Year":1882, "State":"Florida", "Category":3, "Pressure":949, "Wind Speed":110, "Name":"NA", "Location":"27.8333,-81.7170"}
{ "create": { "_index": "storm", "_type": "hurricane" }}
{ "Year":1882, "State":"Alabama", "Category":3, "Pressure":949, "Wind Speed":110, "Name":"NA", "Location":"32.7990,-86.8073"}
{ "create": { "_index": "storm", "_type": "hurricane" }}
{ "Year":1882, "State":"Florida", "Category":1, "Pressure":985, "Wind Speed":70, "Name":"NA", "Location":"27.8333,-81.7170"}
{ "create": { "_index": "storm", "_type": "hurricane" }}
{ "Year":1883, "State":"North Carolina", "Category":2, "Pressure":965, "Wind Speed":90, "Name":"NA", "Location":"35.6411,-79.8431"}
{ "create": { "_index": "storm", "_type": "hurricane" }}
{ "Year":1883, "State":"South Carolina", "Category":2, "Pressure":965, "Wind Speed":90, "Name":"NA", "Location":"33.8191,-80.9066"}
{ "create": { "_index": "storm", "_type": "hurricane" }}
{ "Year":1885, "State":"South Carolina", "Category":2, "Pressure":970, "Wind Speed":90, "Name":"NA", "Location":"33.8191,-80.9066"}
{ "create": { "_index": "storm", "_type": "hurricane" }}
{ "Year":1885, "State":"North Carolina", "Category":2, "Pressure":970, "Wind Speed":90, "Name":"NA", "Location":"35.6411,-79.8431"}
{ "create": { "_index": "storm", "_type": "hurricane" }}
{ "Year":1885, "State":"Georgia", "Category":2, "Pressure":970, "Wind Speed":90, "Name":"NA", "Location":"32.9866,-83.6487"}
{ "create": { "_index": "storm", "_type": "hurricane" }}
{ "Year":1885, "State":"Florida", "Category":2, "Pressure":970, "Wind Speed":90, "Name":"NA", "Location":"27.8333,-81.7170"}
{ "create": { "_index": "storm", "_type": "hurricane" }}
{ "Year":1886, "State":"Texas", "Category":2, "Pressure":970, "Wind Speed":85, "Name":"NA", "Location":"31.1060,-97.6475"}
{ "create": { "_index": "storm", "_type": "hurricane" }}
{ "Year":1886, "State":"Louisiana", "Category":2, "Pressure":970, "Wind Speed":85, "Name":"NA", "Location":"31.1801,-91.8749"}
{ "create": { "_index": "storm", "_type": "hurricane" }}
{ "Year":1886, "State":"Florida", "Category":2, "Pressure":970, "Wind Speed":85, "Name":"NA", "Location":"27.8333,-81.7170"}
{ "create": { "_index": "storm", "_type": "hurricane" }}
{ "Year":1886, "State":"Georgia", "Category":2, "Pressure":970, "Wind Speed":85, "Name":"NA", "Location":"32.9866,-83.6487"}
{ "create": { "_index": "storm", "_type": "hurricane" }}
{ "Year":1886, "State":"Florida", "Category":1, "Pressure":982, "Wind Speed":70, "Name":"NA", "Location":"27.8333,-81.7170"}
{ "create": { "_index": "storm", "_type": "hurricane" }}
{ "Year":1886, "State":"Texas", "Category":4, "Pressure":925, "Wind Speed":130, "Name":"Indianola", "Location":"31.1060,-97.6475"}
{ "create": { "_index": "storm", "_type": "hurricane" }}
{ "Year":1886, "State":"Texas", "Category":1, "Pressure":973, "Wind Speed":80, "Name":"NA", "Location":"31.1060,-97.6475"}
{ "create": { "_index": "storm", "_type": "hurricane" }}
{ "Year":1886, "State":"Louisiana", "Category":3, "Pressure":950, "Wind Speed":105, "Name":"NA", "Location":"31.1801,-91.8749"}
{ "create": { "_index": "storm", "_type": "hurricane" }}
{ "Year":1886, "State":"Texas", "Category":3, "Pressure":950, "Wind Speed":105, "Name":"NA", "Location":"31.1060,-97.6475"}
{ "create": { "_index": "storm", "_type": "hurricane" }}
{ "Year":1887, "State":"Florida", "Category":1, "Pressure":978, "Wind Speed":75, "Name":"NA", "Location":"27.8333,-81.7170"}
{ "create": { "_index": "storm", "_type": "hurricane" }}
{ "Year":1887, "State":"Alabama", "Category":1, "Pressure":978, "Wind Speed":75, "Name":"NA", "Location":"32.7990,-86.8073"}
{ "create": { "_index": "storm", "_type": "hurricane" }}
{ "Year":1887, "State":"North Carolina", "Category":1, "Pressure":946, "Wind Speed":65, "Name":"NA", "Location":"35.6411,-79.8431"}
{ "create": { "_index": "storm", "_type": "hurricane" }}
{ "Year":1887, "State":"Texas", "Category":1, "Pressure":973, "Wind Speed":75, "Name":"NA", "Location":"31.1060,-97.6475"}
{ "create": { "_index": "storm", "_type": "hurricane" }}
{ "Year":1887, "State":"Louisiana", "Category":1, "Pressure":978, "Wind Speed":75, "Name":"NA", "Location":"31.1801,-91.8749"}
{ "create": { "_index": "storm", "_type": "hurricane" }}
{ "Year":1888, "State":"Texas", "Category":1, "Pressure":982, "Wind Speed":70, "Name":"NA", "Location":"31.1060,-97.6475"}
{ "create": { "_index": "storm", "_type": "hurricane" }}
{ "Year":1888, "State":"Florida", "Category":3, "Pressure":945, "Wind Speed":110, "Name":"NA", "Location":"27.8333,-81.7170"}
{ "create": { "_index": "storm", "_type": "hurricane" }}
{ "Year":1888, "State":"Mississippi", "Category":3, "Pressure":945, "Wind Speed":110, "Name":"NA", "Location":"43.3504,-84.5603"}
{ "create": { "_index": "storm", "_type": "hurricane" }}
{ "Year":1888, "State":"Florida", "Category":2, "Pressure":970, "Wind Speed":95, "Name":"NA", "Location":"27.8333,-81.7170"}
{ "create": { "_index": "storm", "_type": "hurricane" }}
{ "Year":1889, "State":"Louisiana", "Category":1, "Pressure":982, "Wind Speed":70, "Name":"NA", "Location":"31.1801,-91.8749"}
{ "create": { "_index": "storm", "_type": "hurricane" }}
{ "Year":1891, "State":"Texas", "Category":1, "Pressure":974, "Wind Speed":80, "Name":"NA", "Location":"31.1060,-97.6475"}
{ "create": { "_index": "storm", "_type": "hurricane" }}
{ "Year":1891, "State":"Florida", "Category":1, "Pressure":985, "Wind Speed":70, "Name":"NA", "Location":"27.8333,-81.7170"}
{ "create": { "_index": "storm", "_type": "hurricane" }}
{ "Year":1893, "State":"New York", "Category":1, "Pressure":986, "Wind Speed":75, "Name":"Midnight Storm", "Location":"42.1497,-74.9384"}
{ "create": { "_index": "storm", "_type": "hurricane" }}
{ "Year":1893, "State":"Connecticut", "Category":1, "Pressure":986, "Wind Speed":75, "Name":"Midnight Storm", "Location":"41.5834,-72.7622"}
{ "create": { "_index": "storm", "_type": "hurricane" }}
{ "Year":1893, "State":"Georgia", "Category":3, "Pressure":954, "Wind Speed":100, "Name":"Sea Islands", "Location":"32.9866,-83.6487"}
{ "create": { "_index": "storm", "_type": "hurricane" }}
{ "Year":1893, "State":"South Carolina", "Category":3, "Pressure":954, "Wind Speed":100, "Name":"Sea Islands", "Location":"33.8191,-80.9066"}
{ "create": { "_index": "storm", "_type": "hurricane" }}
{ "Year":1893, "State":"North Carolina", "Category":3, "Pressure":954, "Wind Speed":100, "Name":"Sea Islands", "Location":"35.6411,-79.8431"}
{ "create": { "_index": "storm", "_type": "hurricane" }}
{ "Year":1893, "State":"Florida", "Category":3, "Pressure":954, "Wind Speed":100, "Name":"Sea Islands", "Location":"27.8333,-81.7170"}
{ "create": { "_index": "storm", "_type": "hurricane" }}
{ "Year":1893, "State":"Louisiana", "Category":2, "Pressure":970, "Wind Speed":85, "Name":"NA", "Location":"31.1801,-91.8749"}
{ "create": { "_index": "storm", "_type": "hurricane" }}
{ "Year":1893, "State":"Louisiana", "Category":4, "Pressure":948, "Wind Speed":115, "Name":"Chenier Caminanda", "Location":"31.1801,-91.8749"}
{ "create": { "_index": "storm", "_type": "hurricane" }}
{ "Year":1893, "State":"Mississippi", "Category":4, "Pressure":948, "Wind Speed":115, "Name":"Chenier Caminanda", "Location":"43.3504,-84.5603"}
{ "create": { "_index": "storm", "_type": "hurricane" }}
{ "Year":1893, "State":"Alabama", "Category":4, "Pressure":948, "Wind Speed":115, "Name":"Chenier Caminanda", "Location":"32.7990,-86.8073"}
{ "create": { "_index": "storm", "_type": "hurricane" }}
{ "Year":1893, "State":"South Carolina", "Category":3, "Pressure":955, "Wind Speed":105, "Name":"NA", "Location":"33.8191,-80.9066"}
{ "create": { "_index": "storm", "_type": "hurricane" }}
{ "Year":1893, "State":"North Carolina", "Category":3, "Pressure":955, "Wind Speed":105, "Name":"NA", "Location":"35.6411,-79.8431"}
{ "create": { "_index": "storm", "_type": "hurricane" }}
{ "Year":1893, "State":"Virginia", "Category":3, "Pressure":955, "Wind Speed":105, "Name":"NA", "Location":"37.7680,-78.2057"}
{ "create": { "_index": "storm", "_type": "hurricane" }}
{ "Year":1894, "State":"Florida", "Category":2, "Pressure":975, "Wind Speed":90, "Name":"NA", "Location":"27.8333,-81.7170"}
{ "create": { "_index": "storm", "_type": "hurricane" }}
{ "Year":1894, "State":"South Carolina", "Category":2, "Pressure":975, "Wind Speed":90, "Name":"NA", "Location":"33.8191,-80.9066"}
{ "create": { "_index": "storm", "_type": "hurricane" }}
{ "Year":1894, "State":"Virginia", "Category":2, "Pressure":975, "Wind Speed":90, "Name":"NA", "Location":"37.7680,-78.2057"}
{ "create": { "_index": "storm", "_type": "hurricane" }}
{ "Year":1894, "State":"Florida", "Category":3, "Pressure":950, "Wind Speed":105, "Name":"NA", "Location":"27.8333,-81.7170"}
{ "create": { "_index": "storm", "_type": "hurricane" }}
{ "Year":1894, "State":"Georgia", "Category":3, "Pressure":950, "Wind Speed":105, "Name":"NA", "Location":"32.9866,-83.6487"}
{ "create": { "_index": "storm", "_type": "hurricane" }}
{ "Year":1894, "State":"New York", "Category":3, "Pressure":950, "Wind Speed":105, "Name":"NA", "Location":"42.1497,-74.9384"}
{ "create": { "_index": "storm", "_type": "hurricane" }}
{ "Year":1894, "State":"Rhode Island", "Category":3, "Pressure":950, "Wind Speed":105, "Name":"NA", "Location":"41.6772,-71.5101"}
{ "create": { "_index": "storm", "_type": "hurricane" }}
{ "Year":1894, "State":"Connecticut", "Category":3, "Pressure":950, "Wind Speed":105, "Name":"NA", "Location":"41.5834,-72.7622"}
{ "create": { "_index": "storm", "_type": "hurricane" }}
{ "Year":1895, "State":"Texas", "Category":1, "Pressure":963, "Wind Speed":65, "Name":"NA", "Location":"31.1060,-97.6475"}
{ "create": { "_index": "storm", "_type": "hurricane" }}
{ "Year":1896, "State":"Florida", "Category":2, "Pressure":970, "Wind Speed":85, "Name":"NA", "Location":"27.8333,-81.7170"}
{ "create": { "_index": "storm", "_type": "hurricane" }}
{ "Year":1896, "State":"Rhode Island", "Category":1, "Pressure":985, "Wind Speed":70, "Name":"NA", "Location":"41.6772,-71.5101"}
{ "create": { "_index": "storm", "_type": "hurricane" }}
{ "Year":1896, "State":"Massachusetts", "Category":1, "Pressure":985, "Wind Speed":70, "Name":"NA", "Location":"42.2373,-71.5314"}
{ "create": { "_index": "storm", "_type": "hurricane" }}
{ "Year":1897, "State":"Louisiana", "Category":1, "Pressure":978, "Wind Speed":75, "Name":"NA", "Location":"31.1801,-91.8749"}
{ "create": { "_index": "storm", "_type": "hurricane" }}
{ "Year":1897, "State":"Texas", "Category":1, "Pressure":978, "Wind Speed":75, "Name":"NA", "Location":"31.1060,-97.6475"}
{ "create": { "_index": "storm", "_type": "hurricane" }}
{ "Year":1898, "State":"Florida", "Category":1, "Pressure":982, "Wind Speed":70, "Name":"NA", "Location":"27.8333,-81.7170"}
{ "create": { "_index": "storm", "_type": "hurricane" }}
{ "Year":1898, "State":"Georgia", "Category":1, "Pressure":980, "Wind Speed":75, "Name":"NA", "Location":"32.9866,-83.6487"}
{ "create": { "_index": "storm", "_type": "hurricane" }}
{ "Year":1898, "State":"South Carolina", "Category":1, "Pressure":980, "Wind Speed":75, "Name":"NA", "Location":"33.8191,-80.9066"}
{ "create": { "_index": "storm", "_type": "hurricane" }}
{ "Year":1898, "State":"Georgia", "Category":4, "Pressure":938, "Wind Speed":115, "Name":"NA", "Location":"32.9866,-83.6487"}
{ "create": { "_index": "storm", "_type": "hurricane" }}
{ "Year":1898, "State":"Florida", "Category":4, "Pressure":938, "Wind Speed":115, "Name":"NA", "Location":"27.8333,-81.7170"}
{ "create": { "_index": "storm", "_type": "hurricane" }}
{ "Year":1899, "State":"Florida", "Category":2, "Pressure":979, "Wind Speed":85, "Name":"NA", "Location":"27.8333,-81.7170"}
{ "create": { "_index": "storm", "_type": "hurricane" }}
{ "Year":1899, "State":"North Carolina", "Category":3, "Pressure":945, "Wind Speed":105, "Name":"NA", "Location":"35.6411,-79.8431"}
{ "create": { "_index": "storm", "_type": "hurricane" }}
{ "Year":1899, "State":"North Carolina", "Category":2, "Pressure":955, "Wind Speed":95, "Name":"NA", "Location":"35.6411,-79.8431"}
{ "create": { "_index": "storm", "_type": "hurricane" }}
{ "Year":1899, "State":"South Carolina", "Category":2, "Pressure":955, "Wind Speed":95, "Name":"NA", "Location":"33.8191,-80.9066"}
{ "create": { "_index": "storm", "_type": "hurricane" }}
{ "Year":1900, "State":"Texas", "Category":4, "Pressure":936, "Wind Speed":120, "Name":"Galveston", "Location":"31.1060,-97.6475"}
{ "create": { "_index": "storm", "_type": "hurricane" }}
{ "Year":1901, "State":"North Carolina", "Category":1, "Pressure":983, "Wind Speed":70, "Name":"NA", "Location":"35.6411,-79.8431"}
{ "create": { "_index": "storm", "_type": "hurricane" }}
{ "Year":1901, "State":"Louisiana", "Category":1, "Pressure":973, "Wind Speed":75, "Name":"NA", "Location":"31.1801,-91.8749"}
{ "create": { "_index": "storm", "_type": "hurricane" }}
{ "Year":1901, "State":"Mississippi", "Category":1, "Pressure":973, "Wind Speed":75, "Name":"NA", "Location":"43.3504,-84.5603"}
{ "create": { "_index": "storm", "_type": "hurricane" }}
{ "Year":1901, "State":"Alabama", "Category":1, "Pressure":973, "Wind Speed":75, "Name":"NA", "Location":"32.7990,-86.8073"}
{ "create": { "_index": "storm", "_type": "hurricane" }}
{ "Year":1903, "State":"Florida", "Category":1, "Pressure":974, "Wind Speed":80, "Name":"NA", "Location":"27.8333,-81.7170"}
{ "create": { "_index": "storm", "_type": "hurricane" }}
{ "Year":1903, "State":"New Jersey", "Category":1, "Pressure":990, "Wind Speed":70, "Name":"NA", "Location":"40.3140,-74.5089"}
{ "create": { "_index": "storm", "_type": "hurricane" }}
{ "Year":1904, "State":"South Carolina", "Category":1, "Pressure":985, "Wind Speed":70, "Name":"NA", "Location":"33.8191,-80.9066"}
{ "create": { "_index": "storm", "_type": "hurricane" }}
{ "Year":1904, "State":"Florida", "Category":1, "Pressure":985, "Wind Speed":70, "Name":"NA", "Location":"27.8333,-81.7170"}
{ "create": { "_index": "storm", "_type": "hurricane" }}
{ "Year":1906, "State":"Florida", "Category":1, "Pressure":979, "Wind Speed":75, "Name":"NA", "Location":"27.8333,-81.7170"}
{ "create": { "_index": "storm", "_type": "hurricane" }}
{ "Year":1906, "State":"South Carolina", "Category":1, "Pressure":977, "Wind Speed":80, "Name":"NA", "Location":"33.8191,-80.9066"}
{ "create": { "_index": "storm", "_type": "hurricane" }}
{ "Year":1906, "State":"North Carolina", "Category":1, "Pressure":977, "Wind Speed":80, "Name":"NA", "Location":"35.6411,-79.8431"}
{ "create": { "_index": "storm", "_type": "hurricane" }}
{ "Year":1906, "State":"Mississippi", "Category":2, "Pressure":958, "Wind Speed":95, "Name":"NA", "Location":"43.3504,-84.5603"}
{ "create": { "_index": "storm", "_type": "hurricane" }}
{ "Year":1906, "State":"Alabama", "Category":2, "Pressure":958, "Wind Speed":95, "Name":"NA", "Location":"32.7990,-86.8073"}
{ "create": { "_index": "storm", "_type": "hurricane" }}
{ "Year":1906, "State":"Florida", "Category":2, "Pressure":958, "Wind Speed":95, "Name":"NA", "Location":"27.8333,-81.7170"}
{ "create": { "_index": "storm", "_type": "hurricane" }}
{ "Year":1906, "State":"Louisiana", "Category":2, "Pressure":958, "Wind Speed":95, "Name":"NA", "Location":"31.1801,-91.8749"}
{ "create": { "_index": "storm", "_type": "hurricane" }}
{ "Year":1906, "State":"Florida", "Category":3, "Pressure":953, "Wind Speed":105, "Name":"NA", "Location":"27.8333,-81.7170"}
{ "create": { "_index": "storm", "_type": "hurricane" }}
{ "Year":1908, "State":"North Carolina", "Category":1, "Pressure":985, "Wind Speed":70, "Name":"NA", "Location":"35.6411,-79.8431"}
{ "create": { "_index": "storm", "_type": "hurricane" }}
{ "Year":1909, "State":"Texas", "Category":2, "Pressure":972, "Wind Speed":85, "Name":"NA", "Location":"31.1060,-97.6475"}
{ "create": { "_index": "storm", "_type": "hurricane" }}
{ "Year":1909, "State":"Texas", "Category":3, "Pressure":959, "Wind Speed":100, "Name":"Velasco", "Location":"31.1060,-97.6475"}
{ "create": { "_index": "storm", "_type": "hurricane" }}
{ "Year":1909, "State":"Texas", "Category":1, "Pressure":955, "Wind Speed":65, "Name":"NA", "Location":"31.1060,-97.6475"}
{ "create": { "_index": "storm", "_type": "hurricane" }}
{ "Year":1909, "State":"Louisiana", "Category":3, "Pressure":952, "Wind Speed":105, "Name":"Grand Isle", "Location":"31.1801,-91.8749"}
{ "create": { "_index": "storm", "_type": "hurricane" }}
{ "Year":1909, "State":"Mississippi", "Category":3, "Pressure":952, "Wind Speed":105, "Name":"Grand Isle", "Location":"43.3504,-84.5603"}
{ "create": { "_index": "storm", "_type": "hurricane" }}
{ "Year":1909, "State":"Florida", "Category":3, "Pressure":957, "Wind Speed":100, "Name":"NA", "Location":"27.8333,-81.7170"}
{ "create": { "_index": "storm", "_type": "hurricane" }}
{ "Year":1910, "State":"Texas", "Category":2, "Pressure":965, "Wind Speed":90, "Name":"NA", "Location":"31.1060,-97.6475"}
{ "create": { "_index": "storm", "_type": "hurricane" }}
{ "Year":1910, "State":"Florida", "Category":2, "Pressure":955, "Wind Speed":95, "Name":"NA", "Location":"27.8333,-81.7170"}
{ "create": { "_index": "storm", "_type": "hurricane" }}
{ "Year":1911, "State":"Florida", "Category":1, "Pressure":982, "Wind Speed":70, "Name":"NA", "Location":"27.8333,-81.7170"}
{ "create": { "_index": "storm", "_type": "hurricane" }}
{ "Year":1911, "State":"Alabama", "Category":1, "Pressure":982, "Wind Speed":70, "Name":"NA", "Location":"32.7990,-86.8073"}
{ "create": { "_index": "storm", "_type": "hurricane" }}
{ "Year":1911, "State":"South Carolina", "Category":2, "Pressure":972, "Wind Speed":85, "Name":"NA", "Location":"33.8191,-80.9066"}
{ "create": { "_index": "storm", "_type": "hurricane" }}
{ "Year":1911, "State":"Georgia", "Category":2, "Pressure":972, "Wind Speed":85, "Name":"NA", "Location":"32.9866,-83.6487"}
{ "create": { "_index": "storm", "_type": "hurricane" }}
{ "Year":1912, "State":"Alabama", "Category":1, "Pressure":986, "Wind Speed":65, "Name":"NA", "Location":"32.7990,-86.8073"}
{ "create": { "_index": "storm", "_type": "hurricane" }}
{ "Year":1912, "State":"Florida", "Category":1, "Pressure":986, "Wind Speed":65, "Name":"NA", "Location":"27.8333,-81.7170"}
{ "create": { "_index": "storm", "_type": "hurricane" }}
{ "Year":1912, "State":"Texas", "Category":2, "Pressure":970, "Wind Speed":85, "Name":"NA", "Location":"31.1060,-97.6475"}
{ "create": { "_index": "storm", "_type": "hurricane" }}
{ "Year":1913, "State":"Texas", "Category":1, "Pressure":986, "Wind Speed":65, "Name":"NA", "Location":"31.1060,-97.6475"}
{ "create": { "_index": "storm", "_type": "hurricane" }}
{ "Year":1913, "State":"North Carolina", "Category":1, "Pressure":976, "Wind Speed":75, "Name":"NA", "Location":"35.6411,-79.8431"}
{ "create": { "_index": "storm", "_type": "hurricane" }}
{ "Year":1913, "State":"South Carolina", "Category":1, "Pressure":989, "Wind Speed":65, "Name":"NA", "Location":"33.8191,-80.9066"}
{ "create": { "_index": "storm", "_type": "hurricane" }}
{ "Year":1915, "State":"Florida", "Category":1, "Pressure":990, "Wind Speed":65, "Name":"NA", "Location":"27.8333,-81.7170"}
{ "create": { "_index": "storm", "_type": "hurricane" }}
{ "Year":1915, "State":"Texas", "Category":4, "Pressure":940, "Wind Speed":115, "Name":"Galveston", "Location":"31.1060,-97.6475"}
{ "create": { "_index": "storm", "_type": "hurricane" }}
{ "Year":1915, "State":"Louisiana", "Category":4, "Pressure":940, "Wind Speed":115, "Name":"Galveston", "Location":"31.1801,-91.8749"}
{ "create": { "_index": "storm", "_type": "hurricane" }}
{ "Year":1915, "State":"Florida", "Category":1, "Pressure":982, "Wind Speed":80, "Name":"NA", "Location":"27.8333,-81.7170"}
{ "create": { "_index": "storm", "_type": "hurricane" }}
{ "Year":1915, "State":"Louisiana", "Category":3, "Pressure":944, "Wind Speed":110, "Name":"New Orleans", "Location":"31.1801,-91.8749"}
{ "create": { "_index": "storm", "_type": "hurricane" }}
{ "Year":1915, "State":"Mississippi", "Category":3, "Pressure":944, "Wind Speed":110, "Name":"New Orleans", "Location":"43.3504,-84.5603"}
{ "create": { "_index": "storm", "_type": "hurricane" }}
{ "Year":1916, "State":"Mississippi", "Category":3, "Pressure":950, "Wind Speed":105, "Name":"NA", "Location":"43.3504,-84.5603"}
{ "create": { "_index": "storm", "_type": "hurricane" }}
{ "Year":1916, "State":"Alabama", "Category":3, "Pressure":950, "Wind Speed":105, "Name":"NA", "Location":"32.7990,-86.8073"}
{ "create": { "_index": "storm", "_type": "hurricane" }}
{ "Year":1916, "State":"Florida", "Category":3, "Pressure":950, "Wind Speed":105, "Name":"NA", "Location":"27.8333,-81.7170"}
{ "create": { "_index": "storm", "_type": "hurricane" }}
{ "Year":1916, "State":"South Carolina", "Category":2, "Pressure":960, "Wind Speed":95, "Name":"NA", "Location":"33.8191,-80.9066"}
{ "create": { "_index": "storm", "_type": "hurricane" }}
{ "Year":1916, "State":"Texas", "Category":4, "Pressure":932, "Wind Speed":115, "Name":"NA", "Location":"31.1060,-97.6475"}
{ "create": { "_index": "storm", "_type": "hurricane" }}
{ "Year":1916, "State":"Alabama", "Category":2, "Pressure":970, "Wind Speed":95, "Name":"NA", "Location":"32.7990,-86.8073"}
{ "create": { "_index": "storm", "_type": "hurricane" }}
{ "Year":1916, "State":"Florida", "Category":2, "Pressure":970, "Wind Speed":95, "Name":"NA", "Location":"27.8333,-81.7170"}
{ "create": { "_index": "storm", "_type": "hurricane" }}
{ "Year":1917, "State":"Florida", "Category":3, "Pressure":949, "Wind Speed":100, "Name":"NA", "Location":"27.8333,-81.7170"}
{ "create": { "_index": "storm", "_type": "hurricane" }}
{ "Year":1917, "State":"Louisiana", "Category":3, "Pressure":949, "Wind Speed":100, "Name":"NA", "Location":"31.1801,-91.8749"}
{ "create": { "_index": "storm", "_type": "hurricane" }}
{ "Year":1917, "State":"Alabama", "Category":3, "Pressure":949, "Wind Speed":100, "Name":"NA", "Location":"32.7990,-86.8073"}
{ "create": { "_index": "storm", "_type": "hurricane" }}
{ "Year":1918, "State":"Louisiana", "Category":3, "Pressure":955, "Wind Speed":105, "Name":"NA", "Location":"31.1801,-91.8749"}
{ "create": { "_index": "storm", "_type": "hurricane" }}
{ "Year":1918, "State":"Texas", "Category":3, "Pressure":955, "Wind Speed":105, "Name":"NA", "Location":"31.1060,-97.6475"}
{ "create": { "_index": "storm", "_type": "hurricane" }}
{ "Year":1918, "State":"North Carolina", "Category":1, "Pressure":988, "Wind Speed":65, "Name":"NA", "Location":"35.6411,-79.8431"}
{ "create": { "_index": "storm", "_type": "hurricane" }}
{ "Year":1919, "State":"Florida", "Category":4, "Pressure":927, "Wind Speed":130, "Name":"NA", "Location":"27.8333,-81.7170"}
{ "create": { "_index": "storm", "_type": "hurricane" }}
{ "Year":1919, "State":"Texas", "Category":4, "Pressure":927, "Wind Speed":130, "Name":"NA", "Location":"31.1060,-97.6475"}
{ "create": { "_index": "storm", "_type": "hurricane" }}
{ "Year":1920, "State":"Louisiana", "Category":2, "Pressure":975, "Wind Speed":85, "Name":"NA", "Location":"31.1801,-91.8749"}
{ "create": { "_index": "storm", "_type": "hurricane" }}
{ "Year":1921, "State":"Texas", "Category":1, "Pressure":980, "Wind Speed":80, "Name":"NA", "Location":"31.1060,-97.6475"}
{ "create": { "_index": "storm", "_type": "hurricane" }}
{ "Year":1921, "State":"Florida", "Category":3, "Pressure":958, "Wind Speed":100, "Name":"Tampa Bay", "Location":"27.8333,-81.7170"}
{ "create": { "_index": "storm", "_type": "hurricane" }}
{ "Year":1923, "State":"Louisiana", "Category":1, "Pressure":983, "Wind Speed":70, "Name":"NA", "Location":"31.1801,-91.8749"}
{ "create": { "_index": "storm", "_type": "hurricane" }}
{ "Year":1923, "State":"Mississippi", "Category":1, "Pressure":983, "Wind Speed":70, "Name":"NA", "Location":"43.3504,-84.5603"}
{ "create": { "_index": "storm", "_type": "hurricane" }}
{ "Year":1924, "State":"North Carolina", "Category":1, "Pressure":963, "Wind Speed":65, "Name":"NA", "Location":"35.6411,-79.8431"}
{ "create": { "_index": "storm", "_type": "hurricane" }}
{ "Year":1924, "State":"Massachusetts", "Category":1, "Pressure":963, "Wind Speed":65, "Name":"NA", "Location":"42.2373,-71.5314"}
{ "create": { "_index": "storm", "_type": "hurricane" }}
{ "Year":1924, "State":"Florida", "Category":1, "Pressure":980, "Wind Speed":75, "Name":"NA", "Location":"27.8333,-81.7170"}
{ "create": { "_index": "storm", "_type": "hurricane" }}
{ "Year":1924, "State":"Florida", "Category":1, "Pressure":975, "Wind Speed":80, "Name":"NA", "Location":"27.8333,-81.7170"}
{ "create": { "_index": "storm", "_type": "hurricane" }}
{ "Year":1926, "State":"Florida", "Category":2, "Pressure":967, "Wind Speed":90, "Name":"NA", "Location":"27.8333,-81.7170"}
{ "create": { "_index": "storm", "_type": "hurricane" }}
{ "Year":1926, "State":"Louisiana", "Category":3, "Pressure":955, "Wind Speed":100, "Name":"NA", "Location":"31.1801,-91.8749"}
{ "create": { "_index": "storm", "_type": "hurricane" }}
{ "Year":1926, "State":"Florida", "Category":4, "Pressure":930, "Wind Speed":125, "Name":"Great Miami", "Location":"27.8333,-81.7170"}
{ "create": { "_index": "storm", "_type": "hurricane" }}
{ "Year":1926, "State":"Alabama", "Category":4, "Pressure":930, "Wind Speed":125, "Name":"Great Miami", "Location":"32.7990,-86.8073"}
{ "create": { "_index": "storm", "_type": "hurricane" }}
{ "Year":1926, "State":"Mississippi", "Category":4, "Pressure":930, "Wind Speed":125, "Name":"Great Miami", "Location":"43.3504,-84.5603"}
{ "create": { "_index": "storm", "_type": "hurricane" }}
{ "Year":1926, "State":"Florida", "Category":1, "Pressure":949, "Wind Speed":75, "Name":"NA", "Location":"27.8333,-81.7170"}
{ "create": { "_index": "storm", "_type": "hurricane" }}
{ "Year":1928, "State":"Florida", "Category":2, "Pressure":977, "Wind Speed":85, "Name":"NA", "Location":"27.8333,-81.7170"}
{ "create": { "_index": "storm", "_type": "hurricane" }}
{ "Year":1928, "State":"Florida", "Category":4, "Pressure":929, "Wind Speed":125, "Name":"Lake Okeechobee", "Location":"27.8333,-81.7170"}
{ "create": { "_index": "storm", "_type": "hurricane" }}
{ "Year":1928, "State":"Georgia", "Category":4, "Pressure":929, "Wind Speed":125, "Name":"Lake Okeechobee", "Location":"32.9866,-83.6487"}
{ "create": { "_index": "storm", "_type": "hurricane" }}
{ "Year":1928, "State":"South Carolina", "Category":4, "Pressure":929, "Wind Speed":125, "Name":"Lake Okeechobee", "Location":"33.8191,-80.9066"}
{ "create": { "_index": "storm", "_type": "hurricane" }}
{ "Year":1929, "State":"Texas", "Category":1, "Pressure":982, "Wind Speed":80, "Name":"NA", "Location":"31.1060,-97.6475"}
{ "create": { "_index": "storm", "_type": "hurricane" }}
{ "Year":1929, "State":"Sp-Oc", "Category":Florida, "Pressure":3, "Wind Speed":948, "Name":"100", "Location":"27.8333,-81.7170"}
{ "create": { "_index": "storm", "_type": "hurricane" }}
{ "Year":1932, "State":"Texas", "Category":4, "Pressure":935, "Wind Speed":130, "Name":"Freeport", "Location":"31.1060,-97.6475"}
{ "create": { "_index": "storm", "_type": "hurricane" }}
{ "Year":1932, "State":"Alabama", "Category":1, "Pressure":979, "Wind Speed":75, "Name":"NA", "Location":"32.7990,-86.8073"}
{ "create": { "_index": "storm", "_type": "hurricane" }}
{ "Year":1932, "State":"Florida", "Category":1, "Pressure":979, "Wind Speed":75, "Name":"NA", "Location":"27.8333,-81.7170"}
{ "create": { "_index": "storm", "_type": "hurricane" }}
{ "Year":1933, "State":"Jl-Au", "Category":Texas, "Pressure":1, "Wind Speed":975, "Name":"80", "Location":"31.1060,-97.6475"}
{ "create": { "_index": "storm", "_type": "hurricane" }}
{ "Year":1933, "State":"Jl-Au", "Category":Florida, "Pressure":1, "Wind Speed":975, "Name":"80", "Location":"27.8333,-81.7170"}
{ "create": { "_index": "storm", "_type": "hurricane" }}
{ "Year":1933, "State":"North Carolina", "Category":1, "Pressure":963, "Wind Speed":80, "Name":"NA", "Location":"35.6411,-79.8431"}
{ "create": { "_index": "storm", "_type": "hurricane" }}
{ "Year":1933, "State":"Virginia", "Category":1, "Pressure":963, "Wind Speed":80, "Name":"NA", "Location":"37.7680,-78.2057"}
{ "create": { "_index": "storm", "_type": "hurricane" }}
{ "Year":1933, "State":"Maryland", "Category":1, "Pressure":963, "Wind Speed":80, "Name":"NA", "Location":"39.0724,-76.7902"}
{ "create": { "_index": "storm", "_type": "hurricane" }}
{ "Year":1933, "State":"Texas", "Category":3, "Pressure":940, "Wind Speed":110, "Name":"NA", "Location":"31.1060,-97.6475"}
{ "create": { "_index": "storm", "_type": "hurricane" }}
{ "Year":1933, "State":"Florida", "Category":3, "Pressure":948, "Wind Speed":110, "Name":"NA", "Location":"27.8333,-81.7170"}
{ "create": { "_index": "storm", "_type": "hurricane" }}
{ "Year":1933, "State":"North Carolina", "Category":2, "Pressure":952, "Wind Speed":85, "Name":"NA", "Location":"35.6411,-79.8431"}
{ "create": { "_index": "storm", "_type": "hurricane" }}
{ "Year":1933, "State":"Virginia", "Category":2, "Pressure":952, "Wind Speed":85, "Name":"NA", "Location":"37.7680,-78.2057"}
{ "create": { "_index": "storm", "_type": "hurricane" }}
{ "Year":1934, "State":"Louisiana", "Category":2, "Pressure":966, "Wind Speed":85, "Name":"NA", "Location":"31.1801,-91.8749"}
{ "create": { "_index": "storm", "_type": "hurricane" }}
{ "Year":1934, "State":"Texas", "Category":1, "Pressure":979, "Wind Speed":75, "Name":"NA", "Location":"31.1060,-97.6475"}
{ "create": { "_index": "storm", "_type": "hurricane" }}
{ "Year":1934, "State":"North Carolina", "Category":1, "Pressure":975, "Wind Speed":65, "Name":"NA", "Location":"35.6411,-79.8431"}
{ "create": { "_index": "storm", "_type": "hurricane" }}
{ "Year":1934, "State":"New Jersey", "Category":1, "Pressure":975, "Wind Speed":65, "Name":"NA", "Location":"40.3140,-74.5089"}
{ "create": { "_index": "storm", "_type": "hurricane" }}
{ "Year":1934, "State":"New York", "Category":1, "Pressure":975, "Wind Speed":65, "Name":"NA", "Location":"42.1497,-74.9384"}
{ "create": { "_index": "storm", "_type": "hurricane" }}
{ "Year":1935, "State":"Florida", "Category":5, "Pressure":892, "Wind Speed":160, "Name":"Labor Day", "Location":"27.8333,-81.7170"}
{ "create": { "_index": "storm", "_type": "hurricane" }}
{ "Year":1935, "State":"Georgia", "Category":5, "Pressure":892, "Wind Speed":160, "Name":"Labor Day", "Location":"32.9866,-83.6487"}
{ "create": { "_index": "storm", "_type": "hurricane" }}
{ "Year":1935, "State":"Florida", "Category":2, "Pressure":965, "Wind Speed":85, "Name":"NA", "Location":"27.8333,-81.7170"}
{ "create": { "_index": "storm", "_type": "hurricane" }}
{ "Year":1936, "State":"Texas", "Category":1, "Pressure":987, "Wind Speed":70, "Name":"NA", "Location":"31.1060,-97.6475"}
{ "create": { "_index": "storm", "_type": "hurricane" }}
{ "Year":1936, "State":"Florida", "Category":2, "Pressure":964, "Wind Speed":90, "Name":"NA", "Location":"27.8333,-81.7170"}
{ "create": { "_index": "storm", "_type": "hurricane" }}
{ "Year":1936, "State":"Alabama", "Category":2, "Pressure":964, "Wind Speed":90, "Name":"NA", "Location":"32.7990,-86.8073"}
{ "create": { "_index": "storm", "_type": "hurricane" }}
{ "Year":1936, "State":"North Carolina", "Category":1, "Pressure":964, "Wind Speed":75, "Name":"NA", "Location":"35.6411,-79.8431"}
{ "create": { "_index": "storm", "_type": "hurricane" }}
{ "Year":1936, "State":"Virginia", "Category":1, "Pressure":964, "Wind Speed":75, "Name":"NA", "Location":"37.7680,-78.2057"}
{ "create": { "_index": "storm", "_type": "hurricane" }}
{ "Year":1938, "State":"Louisiana", "Category":1, "Pressure":995, "Wind Speed":65, "Name":"NA", "Location":"31.1801,-91.8749"}
{ "create": { "_index": "storm", "_type": "hurricane" }}
{ "Year":1938, "State":"New York", "Category":3, "Pressure":941, "Wind Speed":105, "Name":"Great New England", "Location":"42.1497,-74.9384"}
{ "create": { "_index": "storm", "_type": "hurricane" }}
{ "Year":1938, "State":"Connecticut", "Category":3, "Pressure":941, "Wind Speed":105, "Name":"Great New England", "Location":"41.5834,-72.7622"}
{ "create": { "_index": "storm", "_type": "hurricane" }}
{ "Year":1938, "State":"Rhode Island", "Category":3, "Pressure":941, "Wind Speed":105, "Name":"Great New England", "Location":"41.6772,-71.5101"}
{ "create": { "_index": "storm", "_type": "hurricane" }}
{ "Year":1938, "State":"Massachusetts", "Category":3, "Pressure":941, "Wind Speed":105, "Name":"Great New England", "Location":"42.2373,-71.5314"}
{ "create": { "_index": "storm", "_type": "hurricane" }}
{ "Year":1939, "State":"Florida", "Category":1, "Pressure":985, "Wind Speed":65, "Name":"NA", "Location":"27.8333,-81.7170"}
{ "create": { "_index": "storm", "_type": "hurricane" }}
{ "Year":1940, "State":"Texas", "Category":2, "Pressure":972, "Wind Speed":85, "Name":"NA", "Location":"31.1060,-97.6475"}
{ "create": { "_index": "storm", "_type": "hurricane" }}
{ "Year":1940, "State":"Louisiana", "Category":2, "Pressure":972, "Wind Speed":85, "Name":"NA", "Location":"31.1801,-91.8749"}
{ "create": { "_index": "storm", "_type": "hurricane" }}
{ "Year":1940, "State":"South Carolina", "Category":2, "Pressure":972, "Wind Speed":85, "Name":"NA", "Location":"33.8191,-80.9066"}
{ "create": { "_index": "storm", "_type": "hurricane" }}
{ "Year":1940, "State":"Georgia", "Category":2, "Pressure":972, "Wind Speed":85, "Name":"NA", "Location":"32.9866,-83.6487"}
{ "create": { "_index": "storm", "_type": "hurricane" }}
{ "Year":1941, "State":"Texas", "Category":3, "Pressure":942, "Wind Speed":110, "Name":"NA", "Location":"31.1060,-97.6475"}
{ "create": { "_index": "storm", "_type": "hurricane" }}
{ "Year":1941, "State":"Florida", "Category":2, "Pressure":980, "Wind Speed":85, "Name":"NA", "Location":"27.8333,-81.7170"}
{ "create": { "_index": "storm", "_type": "hurricane" }}
{ "Year":1942, "State":"Texas", "Category":1, "Pressure":992, "Wind Speed":65, "Name":"NA", "Location":"31.1060,-97.6475"}
{ "create": { "_index": "storm", "_type": "hurricane" }}
{ "Year":1942, "State":"Texas", "Category":3, "Pressure":950, "Wind Speed":100, "Name":"NA", "Location":"31.1060,-97.6475"}
{ "create": { "_index": "storm", "_type": "hurricane" }}
{ "Year":1943, "State":"Texas", "Category":2, "Pressure":967, "Wind Speed":90, "Name":"NA", "Location":"31.1060,-97.6475"}
{ "create": { "_index": "storm", "_type": "hurricane" }}
{ "Year":1944, "State":"North Carolina", "Category":1, "Pressure":985, "Wind Speed":70, "Name":"NA", "Location":"35.6411,-79.8431"}
{ "create": { "_index": "storm", "_type": "hurricane" }}
{ "Year":1944, "State":"Florida", "Category":3, "Pressure":949, "Wind Speed":105, "Name":"NA", "Location":"27.8333,-81.7170"}
{ "create": { "_index": "storm", "_type": "hurricane" }}
{ "Year":1945, "State":"Florida", "Category":1, "Pressure":985, "Wind Speed":70, "Name":"NA", "Location":"27.8333,-81.7170"}
{ "create": { "_index": "storm", "_type": "hurricane" }}
{ "Year":1945, "State":"Texas", "Category":3, "Pressure":963, "Wind Speed":100, "Name":"NA", "Location":"31.1060,-97.6475"}
{ "create": { "_index": "storm", "_type": "hurricane" }}
{ "Year":1945, "State":"Florida", "Category":4, "Pressure":949, "Wind Speed":115, "Name":"NA", "Location":"27.8333,-81.7170"}
{ "create": { "_index": "storm", "_type": "hurricane" }}
{ "Year":1946, "State":"Florida", "Category":1, "Pressure":980, "Wind Speed":75, "Name":"NA", "Location":"27.8333,-81.7170"}
{ "create": { "_index": "storm", "_type": "hurricane" }}
{ "Year":1947, "State":"Texas", "Category":1, "Pressure":984, "Wind Speed":70, "Name":"NA", "Location":"31.1060,-97.6475"}
{ "create": { "_index": "storm", "_type": "hurricane" }}
{ "Year":1947, "State":"Florida", "Category":4, "Pressure":943, "Wind Speed":115, "Name":"NA", "Location":"27.8333,-81.7170"}
{ "create": { "_index": "storm", "_type": "hurricane" }}
{ "Year":1947, "State":"Florida", "Category":2, "Pressure":965, "Wind Speed":90, "Name":"NA", "Location":"27.8333,-81.7170"}
{ "create": { "_index": "storm", "_type": "hurricane" }}
{ "Year":1948, "State":"Florida", "Category":4, "Pressure":940, "Wind Speed":115, "Name":"NA", "Location":"27.8333,-81.7170"}
{ "create": { "_index": "storm", "_type": "hurricane" }}
{ "Year":1948, "State":"Florida", "Category":2, "Pressure":963, "Wind Speed":90, "Name":"NA", "Location":"27.8333,-81.7170"}
{ "create": { "_index": "storm", "_type": "hurricane" }}
{ "Year":1949, "State":"North Carolina", "Category":1, "Pressure":977, "Wind Speed":70, "Name":"NA", "Location":"35.6411,-79.8431"}
{ "create": { "_index": "storm", "_type": "hurricane" }}
{ "Year":1949, "State":"Florida", "Category":4, "Pressure":954, "Wind Speed":115, "Name":"NA", "Location":"27.8333,-81.7170"}
{ "create": { "_index": "storm", "_type": "hurricane" }}
{ "Year":1949, "State":"Texas", "Category":2, "Pressure":965, "Wind Speed":95, "Name":"NA", "Location":"31.1060,-97.6475"}
{ "create": { "_index": "storm", "_type": "hurricane" }}
{ "Year":1950, "State":"Florida", "Category":1, "Pressure":979, "Wind Speed":75, "Name":"Baker", "Location":"27.8333,-81.7170"}
{ "create": { "_index": "storm", "_type": "hurricane" }}
{ "Year":1950, "State":"Florida", "Category":3, "Pressure":960, "Wind Speed":105, "Name":"Easy", "Location":"27.8333,-81.7170"}
{ "create": { "_index": "storm", "_type": "hurricane" }}
{ "Year":1950, "State":"Florida", "Category":4, "Pressure":955, "Wind Speed":115, "Name":"King", "Location":"27.8333,-81.7170"}
{ "create": { "_index": "storm", "_type": "hurricane" }}
{ "Year":1952, "State":"South Carolina", "Category":2, "Pressure":980, "Wind Speed":85, "Name":"Able", "Location":"33.8191,-80.9066"}
{ "create": { "_index": "storm", "_type": "hurricane" }}
{ "Year":1953, "State":"North Carolina", "Category":1, "Pressure":975, "Wind Speed":80, "Name":"Barbara", "Location":"35.6411,-79.8431"}
{ "create": { "_index": "storm", "_type": "hurricane" }}
{ "Year":1953, "State":"Florida", "Category":1, "Pressure":975, "Wind Speed":80, "Name":"Florence", "Location":"27.8333,-81.7170"}
{ "create": { "_index": "storm", "_type": "hurricane" }}
{ "Year":1953, "State":"Florida", "Category":1, "Pressure":980, "Wind Speed":75, "Name":"Hazel", "Location":"27.8333,-81.7170"}
{ "create": { "_index": "storm", "_type": "hurricane" }}
{ "Year":1954, "State":"New York", "Category":3, "Pressure":955, "Wind Speed":100, "Name":"Carol", "Location":"42.1497,-74.9384"}
{ "create": { "_index": "storm", "_type": "hurricane" }}
{ "Year":1954, "State":"Connecticut", "Category":3, "Pressure":955, "Wind Speed":100, "Name":"Carol", "Location":"41.5834,-72.7622"}
{ "create": { "_index": "storm", "_type": "hurricane" }}
{ "Year":1954, "State":"Rhode Island", "Category":3, "Pressure":955, "Wind Speed":100, "Name":"Carol", "Location":"41.6772,-71.5101"}
{ "create": { "_index": "storm", "_type": "hurricane" }}
{ "Year":1954, "State":"Massachusetts", "Category":3, "Pressure":955, "Wind Speed":100, "Name":"Carol", "Location":"42.2373,-71.5314"}
{ "create": { "_index": "storm", "_type": "hurricane" }}
{ "Year":1954, "State":"North Carolina", "Category":3, "Pressure":955, "Wind Speed":100, "Name":"Carol", "Location":"35.6411,-79.8431"}
{ "create": { "_index": "storm", "_type": "hurricane" }}
{ "Year":1954, "State":"Massachusetts", "Category":2, "Pressure":950, "Wind Speed":95, "Name":"Edna", "Location":"42.2373,-71.5314"}
{ "create": { "_index": "storm", "_type": "hurricane" }}
{ "Year":1954, "State":"North Carolina", "Category":2, "Pressure":950, "Wind Speed":95, "Name":"Edna", "Location":"35.6411,-79.8431"}
{ "create": { "_index": "storm", "_type": "hurricane" }}
{ "Year":1954, "State":"New York", "Category":2, "Pressure":950, "Wind Speed":95, "Name":"Edna", "Location":"42.1497,-74.9384"}
{ "create": { "_index": "storm", "_type": "hurricane" }}
{ "Year":1954, "State":"Rhode Island", "Category":2, "Pressure":950, "Wind Speed":95, "Name":"Edna", "Location":"41.6772,-71.5101"}
{ "create": { "_index": "storm", "_type": "hurricane" }}
{ "Year":1954, "State":"South Carolina", "Category":4, "Pressure":938, "Wind Speed":115, "Name":"Hazel", "Location":"33.8191,-80.9066"}
{ "create": { "_index": "storm", "_type": "hurricane" }}
{ "Year":1954, "State":"North Carolina", "Category":4, "Pressure":938, "Wind Speed":115, "Name":"Hazel", "Location":"35.6411,-79.8431"}
{ "create": { "_index": "storm", "_type": "hurricane" }}
{ "Year":1955, "State":"North Carolina", "Category":2, "Pressure":962, "Wind Speed":85, "Name":"Connie", "Location":"35.6411,-79.8431"}
{ "create": { "_index": "storm", "_type": "hurricane" }}
{ "Year":1955, "State":"Virginia", "Category":2, "Pressure":962, "Wind Speed":85, "Name":"Connie", "Location":"37.7680,-78.2057"}
{ "create": { "_index": "storm", "_type": "hurricane" }}
{ "Year":1955, "State":"North Carolina", "Category":2, "Pressure":955, "Wind Speed":90, "Name":"Ione", "Location":"35.6411,-79.8431"}
{ "create": { "_index": "storm", "_type": "hurricane" }}
{ "Year":1956, "State":"Louisiana", "Category":2, "Pressure":974, "Wind Speed":75, "Name":"Flossy", "Location":"31.1801,-91.8749"}
{ "create": { "_index": "storm", "_type": "hurricane" }}
{ "Year":1956, "State":"Florida", "Category":2, "Pressure":974, "Wind Speed":75, "Name":"Flossy", "Location":"27.8333,-81.7170"}
{ "create": { "_index": "storm", "_type": "hurricane" }}
{ "Year":1957, "State":"Texas", "Category":3, "Pressure":946, "Wind Speed":110, "Name":"Audrey", "Location":"31.1060,-97.6475"}
{ "create": { "_index": "storm", "_type": "hurricane" }}
{ "Year":1958, "State":"North Carolina", "Category":3, "Pressure":938, "Wind Speed":110, "Name":"Helene", "Location":"35.6411,-79.8431"}
{ "create": { "_index": "storm", "_type": "hurricane" }}
{ "Year":1959, "State":"South Carolina", "Category":1, "Pressure":995, "Wind Speed":65, "Name":"Cindy", "Location":"33.8191,-80.9066"}
{ "create": { "_index": "storm", "_type": "hurricane" }}
{ "Year":1959, "State":"Texas", "Category":1, "Pressure":980, "Wind Speed":75, "Name":"Debra", "Location":"31.1060,-97.6475"}
{ "create": { "_index": "storm", "_type": "hurricane" }}
{ "Year":1959, "State":"South Carolina", "Category":4, "Pressure":951, "Wind Speed":115, "Name":"Gracie", "Location":"33.8191,-80.9066"}
{ "create": { "_index": "storm", "_type": "hurricane" }}
{ "Year":1960, "State":"Florida", "Category":4, "Pressure":930, "Wind Speed":125, "Name":"Donna", "Location":"27.8333,-81.7170"}
{ "create": { "_index": "storm", "_type": "hurricane" }}
{ "Year":1960, "State":"North Carolina", "Category":4, "Pressure":930, "Wind Speed":125, "Name":"Donna", "Location":"35.6411,-79.8431"}
{ "create": { "_index": "storm", "_type": "hurricane" }}
{ "Year":1960, "State":"New York", "Category":4, "Pressure":930, "Wind Speed":125, "Name":"Donna", "Location":"42.1497,-74.9384"}
{ "create": { "_index": "storm", "_type": "hurricane" }}
{ "Year":1960, "State":"Connecticut", "Category":4, "Pressure":930, "Wind Speed":125, "Name":"Donna", "Location":"41.5834,-72.7622"}
{ "create": { "_index": "storm", "_type": "hurricane" }}
{ "Year":1960, "State":"Rhode Island", "Category":4, "Pressure":930, "Wind Speed":125, "Name":"Donna", "Location":"41.6772,-71.5101"}
{ "create": { "_index": "storm", "_type": "hurricane" }}
{ "Year":1960, "State":"Massachusetts", "Category":4, "Pressure":930, "Wind Speed":125, "Name":"Donna", "Location":"42.2373,-71.5314"}
{ "create": { "_index": "storm", "_type": "hurricane" }}
{ "Year":1960, "State":"Louisiana", "Category":1, "Pressure":980, "Wind Speed":980, "Name":"Ethel", "Location":"31.1801,-91.8749"}
{ "create": { "_index": "storm", "_type": "hurricane" }}
{ "Year":1960, "State":"Mississippi", "Category":1, "Pressure":980, "Wind Speed":980, "Name":"Ethel", "Location":"43.3504,-84.5603"}
{ "create": { "_index": "storm", "_type": "hurricane" }}
{ "Year":1980, "State":"Texas", "Category":3, "Pressure":945, "Wind Speed":100, "Name":"Allen", "Location":"31.1060,-97.6475"}
{ "create": { "_index": "storm", "_type": "hurricane" }}
{ "Year":1983, "State":"Texas", "Category":3, "Pressure":962, "Wind Speed":100, "Name":"Alicia", "Location":"31.1060,-97.6475"}
{ "create": { "_index": "storm", "_type": "hurricane" }}
{ "Year":1984, "State":"North Carolina", "Category":2, "Pressure":949, "Wind Speed":95, "Name":"Diana", "Location":"35.6411,-79.8431"}
{ "create": { "_index": "storm", "_type": "hurricane" }}
{ "Year":1985, "State":"South Carolina", "Category":1, "Pressure":1003, "Wind Speed":65, "Name":"Bob", "Location":"33.8191,-80.9066"}
{ "create": { "_index": "storm", "_type": "hurricane" }}
{ "Year":1985, "State":"Louisiana", "Category":1, "Pressure":987, "Wind Speed":80, "Name":"Danny", "Location":"31.1801,-91.8749"}
{ "create": { "_index": "storm", "_type": "hurricane" }}
{ "Year":1985, "State":"Alabama", "Category":3, "Pressure":959, "Wind Speed":100, "Name":"Elena", "Location":"32.7990,-86.8073"}
{ "create": { "_index": "storm", "_type": "hurricane" }}
{ "Year":1985, "State":"Mississippi", "Category":3, "Pressure":959, "Wind Speed":100, "Name":"Elena", "Location":"43.3504,-84.5603"}
{ "create": { "_index": "storm", "_type": "hurricane" }}
{ "Year":1985, "State":"Florida", "Category":3, "Pressure":959, "Wind Speed":100, "Name":"Elena", "Location":"27.8333,-81.7170"}
{ "create": { "_index": "storm", "_type": "hurricane" }}
{ "Year":1985, "State":"North Carolina", "Category":3, "Pressure":942, "Wind Speed":90, "Name":"Gloria", "Location":"35.6411,-79.8431"}
{ "create": { "_index": "storm", "_type": "hurricane" }}
{ "Year":1985, "State":"New York", "Category":3, "Pressure":942, "Wind Speed":90, "Name":"Gloria", "Location":"42.1497,-74.9384"}
{ "create": { "_index": "storm", "_type": "hurricane" }}
{ "Year":1985, "State":"Connecticut", "Category":3, "Pressure":942, "Wind Speed":90, "Name":"Gloria", "Location":"41.5834,-72.7622"}
{ "create": { "_index": "storm", "_type": "hurricane" }}
{ "Year":1985, "State":"New Hampshire", "Category":3, "Pressure":942, "Wind Speed":90, "Name":"Gloria", "Location":"43.4108,-71.5653"}
{ "create": { "_index": "storm", "_type": "hurricane" }}
{ "Year":1985, "State":"Maine", "Category":3, "Pressure":942, "Wind Speed":90, "Name":"Gloria", "Location":"44.6074,-69.3977"}
{ "create": { "_index": "storm", "_type": "hurricane" }}
{ "Year":1985, "State":"Louisiana", "Category":1, "Pressure":971, "Wind Speed":75, "Name":"Juan", "Location":"31.1801,-91.8749"}
{ "create": { "_index": "storm", "_type": "hurricane" }}
{ "Year":1985, "State":"Florida", "Category":2, "Pressure":967, "Wind Speed":85, "Name":"Kate", "Location":"27.8333,-81.7170"}
{ "create": { "_index": "storm", "_type": "hurricane" }}
{ "Year":1986, "State":"Texas", "Category":1, "Pressure":990, "Wind Speed":75, "Name":"Bonnie", "Location":"31.1060,-97.6475"}
{ "create": { "_index": "storm", "_type": "hurricane" }}
{ "Year":1986, "State":"North Carolina", "Category":1, "Pressure":990, "Wind Speed":65, "Name":"Charley", "Location":"35.6411,-79.8431"}
{ "create": { "_index": "storm", "_type": "hurricane" }}
{ "Year":1987, "State":"Florida", "Category":1, "Pressure":993, "Wind Speed":65, "Name":"Floyd", "Location":"27.8333,-81.7170"}
{ "create": { "_index": "storm", "_type": "hurricane" }}
{ "Year":1988, "State":"Louisiana", "Category":1, "Pressure":984, "Wind Speed":70, "Name":"Florence", "Location":"31.1801,-91.8749"}
{ "create": { "_index": "storm", "_type": "hurricane" }}
{ "Year":1989, "State":"Texas", "Category":1, "Pressure":986, "Wind Speed":70, "Name":"Chantal", "Location":"31.1060,-97.6475"}
{ "create": { "_index": "storm", "_type": "hurricane" }}
{ "Year":1989, "State":"South Carolina", "Category":4, "Pressure":934, "Wind Speed":120, "Name":"Hugo", "Location":"33.8191,-80.9066"}
{ "create": { "_index": "storm", "_type": "hurricane" }}
{ "Year":1989, "State":"Texas", "Category":1, "Pressure":983, "Wind Speed":75, "Name":"Jerry", "Location":"31.1060,-97.6475"}
{ "create": { "_index": "storm", "_type": "hurricane" }}
{ "Year":1991, "State":"Rhode Island", "Category":2, "Pressure":962, "Wind Speed":90, "Name":"Bob", "Location":"41.6772,-71.5101"}
{ "create": { "_index": "storm", "_type": "hurricane" }}
{ "Year":1991, "State":"Massachusetts", "Category":2, "Pressure":962, "Wind Speed":90, "Name":"Bob", "Location":"42.2373,-71.5314"}
{ "create": { "_index": "storm", "_type": "hurricane" }}
{ "Year":1991, "State":"New York", "Category":2, "Pressure":962, "Wind Speed":90, "Name":"Bob", "Location":"42.1497,-74.9384"}
{ "create": { "_index": "storm", "_type": "hurricane" }}
{ "Year":1991, "State":"Connecticut", "Category":2, "Pressure":962, "Wind Speed":90, "Name":"Bob", "Location":"41.5834,-72.7622"}
{ "create": { "_index": "storm", "_type": "hurricane" }}
{ "Year":1992, "State":"Florida", "Category":5, "Pressure":922, "Wind Speed":145, "Name":"Andrew", "Location":"27.8333,-81.7170"}
{ "create": { "_index": "storm", "_type": "hurricane" }}
{ "Year":1992, "State":"Louisiana", "Category":5, "Pressure":922, "Wind Speed":145, "Name":"Andrew", "Location":"31.1801,-91.8749"}
{ "create": { "_index": "storm", "_type": "hurricane" }}
{ "Year":1993, "State":"North Carolina", "Category":3, "Pressure":961, "Wind Speed":100, "Name":"Emily", "Location":"35.6411,-79.8431"}
{ "create": { "_index": "storm", "_type": "hurricane" }}
{ "Year":1995, "State":"Florida", "Category":2, "Pressure":973, "Wind Speed":85, "Name":"Erin", "Location":"27.8333,-81.7170"}
{ "create": { "_index": "storm", "_type": "hurricane" }}
{ "Year":1995, "State":"Florida", "Category":3, "Pressure":942, "Wind Speed":100, "Name":"Opal", "Location":"27.8333,-81.7170"}
{ "create": { "_index": "storm", "_type": "hurricane" }}
{ "Year":1996, "State":"North Carolina", "Category":2, "Pressure":974, "Wind Speed":90, "Name":"Bertha", "Location":"35.6411,-79.8431"}
{ "create": { "_index": "storm", "_type": "hurricane" }}
{ "Year":1996, "State":"North Carolina", "Category":3, "Pressure":954, "Wind Speed":100, "Name":"Fran", "Location":"35.6411,-79.8431"}
{ "create": { "_index": "storm", "_type": "hurricane" }}
{ "Year":1997, "State":"Louisiana", "Category":1, "Pressure":984, "Wind Speed":70, "Name":"Danny", "Location":"31.1801,-91.8749"}
{ "create": { "_index": "storm", "_type": "hurricane" }}
{ "Year":1997, "State":"Alabama", "Category":1, "Pressure":984, "Wind Speed":70, "Name":"Danny", "Location":"32.7990,-86.8073"}
{ "create": { "_index": "storm", "_type": "hurricane" }}
{ "Year":1998, "State":"North Carolina", "Category":2, "Pressure":964, "Wind Speed":95, "Name":"Bonnie", "Location":"35.6411,-79.8431"}
{ "create": { "_index": "storm", "_type": "hurricane" }}
{ "Year":1998, "State":"Florida", "Category":1, "Pressure":987, "Wind Speed":70, "Name":"Earl", "Location":"27.8333,-81.7170"}
{ "create": { "_index": "storm", "_type": "hurricane" }}
{ "Year":1998, "State":"Florida", "Category":2, "Pressure":964, "Wind Speed":90, "Name":"Georges", "Location":"27.8333,-81.7170"}
{ "create": { "_index": "storm", "_type": "hurricane" }}
{ "Year":1998, "State":"Mississippi", "Category":2, "Pressure":964, "Wind Speed":90, "Name":"Georges", "Location":"43.3504,-84.5603"}
{ "create": { "_index": "storm", "_type": "hurricane" }}
{ "Year":1999, "State":"Texas", "Category":3, "Pressure":951, "Wind Speed":100, "Name":"Bret", "Location":"31.1060,-97.6475"}
{ "create": { "_index": "storm", "_type": "hurricane" }}
{ "Year":1999, "State":"North Carolina", "Category":2, "Pressure":956, "Wind Speed":90, "Name":"Floyd", "Location":"35.6411,-79.8431"}
{ "create": { "_index": "storm", "_type": "hurricane" }}
{ "Year":1999, "State":"Florida", "Category":2, "Pressure":964, "Wind Speed":95, "Name":"Irene", "Location":"27.8333,-81.7170"}
{ "create": { "_index": "storm", "_type": "hurricane" }}
{ "Year":1999, "State":"North Carolina", "Category":2, "Pressure":964, "Wind Speed":95, "Name":"Irene", "Location":"35.6411,-79.8431"}
{ "create": { "_index": "storm", "_type": "hurricane" }}
{ "Year":2002, "State":"Louisiana", "Category":1, "Pressure":963, "Wind Speed":80, "Name":"Lili", "Location":"31.1801,-91.8749"}
{ "create": { "_index": "storm", "_type": "hurricane" }}
{ "Year":2003, "State":"Texas", "Category":1, "Pressure":979, "Wind Speed":80, "Name":"Claudette", "Location":"31.1060,-97.6475"}
{ "create": { "_index": "storm", "_type": "hurricane" }}
{ "Year":2003, "State":"North Carolina", "Category":2, "Pressure":957, "Wind Speed":90, "Name":"Isabel", "Location":"35.6411,-79.8431"}
{ "create": { "_index": "storm", "_type": "hurricane" }}
{ "Year":2003, "State":"Virginia", "Category":2, "Pressure":957, "Wind Speed":90, "Name":"Isabel", "Location":"37.7680,-78.2057"}
{ "create": { "_index": "storm", "_type": "hurricane" }}
{ "Year":2004, "State":"North Carolina", "Category":1, "Pressure":972, "Wind Speed":70, "Name":"Alex", "Location":"35.6411,-79.8431"}
{ "create": { "_index": "storm", "_type": "hurricane" }}
{ "Year":2004, "State":"Florida", "Category":4, "Pressure":941, "Wind Speed":130, "Name":"Charley", "Location":"27.8333,-81.7170"}
{ "create": { "_index": "storm", "_type": "hurricane" }}
{ "Year":2004, "State":"South Carolina", "Category":4, "Pressure":941, "Wind Speed":130, "Name":"Charley", "Location":"33.8191,-80.9066"}
{ "create": { "_index": "storm", "_type": "hurricane" }}
{ "Year":2004, "State":"North Carolina", "Category":4, "Pressure":941, "Wind Speed":130, "Name":"Charley", "Location":"35.6411,-79.8431"}
{ "create": { "_index": "storm", "_type": "hurricane" }}
{ "Year":2004, "State":"South Carolina", "Category":1, "Pressure":985, "Wind Speed":65, "Name":"Gaston", "Location":"33.8191,-80.9066"}
{ "create": { "_index": "storm", "_type": "hurricane" }}
{ "Year":2004, "State":"Florida", "Category":2, "Pressure":960, "Wind Speed":90, "Name":"Frances", "Location":"27.8333,-81.7170"}
{ "create": { "_index": "storm", "_type": "hurricane" }}
{ "Year":2004, "State":"Alabama", "Category":3, "Pressure":946, "Wind Speed":105, "Name":"Ivan", "Location":"32.7990,-86.8073"}
{ "create": { "_index": "storm", "_type": "hurricane" }}
{ "Year":2004, "State":"Florida", "Category":3, "Pressure":946, "Wind Speed":105, "Name":"Ivan", "Location":"27.8333,-81.7170"}
{ "create": { "_index": "storm", "_type": "hurricane" }}
{ "Year":2004, "State":"Florida", "Category":3, "Pressure":950, "Wind Speed":105, "Name":"Jeanne", "Location":"27.8333,-81.7170"}
{ "create": { "_index": "storm", "_type": "hurricane" }}
{ "Year":2005, "State":"Louisiana", "Category":1, "Pressure":991, "Wind Speed":65, "Name":"Cindy", "Location":"31.1801,-91.8749"}
{ "create": { "_index": "storm", "_type": "hurricane" }}
{ "Year":2005, "State":"Florida", "Category":3, "Pressure":946, "Wind Speed":105, "Name":"Dennis", "Location":"27.8333,-81.7170"}
{ "create": { "_index": "storm", "_type": "hurricane" }}
{ "Year":2005, "State":"Florida", "Category":3, "Pressure":920, "Wind Speed":110, "Name":"Katrina", "Location":"27.8333,-81.7170"}
{ "create": { "_index": "storm", "_type": "hurricane" }}
{ "Year":2005, "State":"Louisiana", "Category":3, "Pressure":920, "Wind Speed":110, "Name":"Katrina", "Location":"31.1801,-91.8749"}
{ "create": { "_index": "storm", "_type": "hurricane" }}
{ "Year":2005, "State":"Mississippi", "Category":3, "Pressure":920, "Wind Speed":110, "Name":"Katrina", "Location":"43.3504,-84.5603"}
{ "create": { "_index": "storm", "_type": "hurricane" }}
{ "Year":2005, "State":"Alabama", "Category":3, "Pressure":920, "Wind Speed":110, "Name":"Katrina", "Location":"32.7990,-86.8073"}
{ "create": { "_index": "storm", "_type": "hurricane" }}
{ "Year":2005, "State":"North Carolina", "Category":1, "Pressure":982, "Wind Speed":65, "Name":"Ophelia", "Location":"35.6411,-79.8431"}
{ "create": { "_index": "storm", "_type": "hurricane" }}
{ "Year":2005, "State":"Florida", "Category":3, "Pressure":937, "Wind Speed":100, "Name":"Rita", "Location":"27.8333,-81.7170"}
{ "create": { "_index": "storm", "_type": "hurricane" }}
{ "Year":2005, "State":"Louisiana", "Category":3, "Pressure":937, "Wind Speed":100, "Name":"Rita", "Location":"31.1801,-91.8749"}
{ "create": { "_index": "storm", "_type": "hurricane" }}
{ "Year":2005, "State":"Texas", "Category":3, "Pressure":937, "Wind Speed":100, "Name":"Rita", "Location":"31.1060,-97.6475"}
{ "create": { "_index": "storm", "_type": "hurricane" }}
{ "Year":2005, "State":"Florida", "Category":3, "Pressure":950, "Wind Speed":105, "Name":"Wilma", "Location":"27.8333,-81.7170"}
{ "create": { "_index": "storm", "_type": "hurricane" }}
{ "Year":2007, "State":"Texas", "Category":1, "Pressure":985, "Wind Speed":80, "Name":"Humberto", "Location":"31.1060,-97.6475"}
{ "create": { "_index": "storm", "_type": "hurricane" }}
{ "Year":2007, "State":"Louisiana", "Category":1, "Pressure":985, "Wind Speed":80, "Name":"Humberto", "Location":"31.1801,-91.8749"}
{ "create": { "_index": "storm", "_type": "hurricane" }}
{ "Year":2008, "State":"Texas", "Category":1, "Pressure":967, "Wind Speed":75, "Name":"Dolly", "Location":"31.1060,-97.6475"}
{ "create": { "_index": "storm", "_type": "hurricane" }}
{ "Year":2008, "State":"Louisiana", "Category":2, "Pressure":954, "Wind Speed":90, "Name":"Gustav", "Location":"31.1801,-91.8749"}
{ "create": { "_index": "storm", "_type": "hurricane" }}
{ "Year":2008, "State":"Texas", "Category":2, "Pressure":950, "Wind Speed":95, "Name":"Ike", "Location":"31.1060,-97.6475"}
{ "create": { "_index": "storm", "_type": "hurricane" }}
{ "Year":2008, "State":"Louisiana", "Category":2, "Pressure":950, "Wind Speed":95, "Name":"Ike", "Location":"31.1801,-91.8749"}
{ "create": { "_index": "storm", "_type": "hurricane" }}
{ "Year":2011, "State":"North Carolina", "Category":1, "Pressure":952, "Wind Speed":75, "Name":"Irene", "Location":"35.6411,-79.8431"}
{ "create": { "_index": "storm", "_type": "hurricane" }}
{ "Year":2012, "State":"Louisiana", "Category":1, "Pressure":966, "Wind Speed":70, "Name":"Isaac", "Location":"31.1801,-91.8749"}
{ "create": { "_index": "storm", "_type": "hurricane" }}
{ "Year":2012, "State":"New York", "Category":1, "Pressure":942, "Wind Speed":65, "Name":"Sandy", "Location":"42.1497,-74.9384"}
{ "create": { "_index": "storm", "_type": "hurricane" }}
{ "Year":2014, "State":"North Carolina", "Category":2, "Pressure":973, "Wind Speed":85, "Name":"Arthur", "Location":"35.6411,-79.8431"}
